{"cameraMode":{"drawMode":0,"name":"Shaded","section":"Shading Mode"},"sceneLighting":false,"audioPlay":false,"sceneViewState":{"m_AlwaysRefresh":false,"showFog":true,"showSkybox":false,"showFlares":true,"showImageEffects":true,"showParticleSystems":true,"showVisualEffectGraphs":true,"m_FxEnabled":false},"in2DMode":false,"pivot":{"x":0.30795302987098696,"y":0.5716363191604614,"z":0.40156781673431399},"rotation":{"x":-0.0922088474035263,"y":0.11919225752353668,"z":-0.011118126101791859,"w":-0.9885249137878418},"size":0.8409250378608704,"orthographic":false}