{"cameraMode":{"drawMode":0,"name":"Shaded","section":"Shading Mode"},"sceneLighting":true,"audioPlay":false,"sceneViewState":{"m_AlwaysRefresh":false,"showFog":true,"showSkybox":true,"showFlares":true,"showImageEffects":true,"showParticleSystems":true,"showVisualEffectGraphs":true,"m_FxEnabled":false},"in2DMode":false,"pivot":{"x":-0.1532503217458725,"y":0.08244144171476364,"z":0.7559343576431274},"rotation":{"x":-0.061629582196474078,"y":0.8652108311653137,"z":-0.10986929386854172,"w":-0.4853264093399048},"size":0.9536992907524109,"orthographic":false}